{
    "araku valley": "Araku",
    "dumbri": "Araku",
    "kothapalli": "Guntur",
    "mangalagiri": "Guntur",
    "ponnur": "Guntur",
    "mylavaram": "Vijayawada",
    "gollapudi": "Vijayawada",
    "ibrahimpatnam": "Vijayawada",
    "gudimalkapur": "Hyderabad",
    "amberpet": "Hyderabad",
    "uppal": "Hyderabad",
    "shamshabad": "Hyderabad",
    "kazipet": "Warangal",
    "hanamkonda": "Warangal",
    "parakal": "Warangal",
    "bhimavaram": "Visakhapatnam",
    "anakapalle": "Visakhapatnam",
    "pendurthi": "Visakhapatnam",
    "choutuppal": "Nalgonda",
    "nakrekal": "Nalgonda",
    "miryalaguda": "Nalgonda",
    "tenali": "Guntur",
    "bapatla": "Guntur",
    "narsaraopet": "Guntur",
    "machilipatnam": "Vijayawada",
    "gudivada": "Vijayawada",
    "tirumala": "Tirupati",
    "renigunta": "Tirupati",
    "chandragiri": "Tirupati",
    "nandyal": "Kurnool",
    "adoni": "Kurnool",
    "dhone": "Kurnool",
    "kavali": "Nellore",
    "gudur": "Nellore",
    "venkatagiri": "Nellore",
    "kovvur": "Rajahmundry",
    "dowleswaram": "Rajahmundry",
    "samalkot": "Kakinada",
    "pithapuram": "Kakinada",
    "proddatur": "Kadapa",
    "pulivendula": "Kadapa",
    "dharmavaram": "Anantapur",
    "hindupur": "Anantapur",
    "chintapalle": "Lambasingi",
    "kamareddy": "Nizamabad",
    "bodhan": "Nizamabad",
    "jagtial": "Karimnagar",
    "peddapalli": "Karimnagar",
    "kothagudem": "Khammam",
    "bhadrachalam": "Khammam",
    "mancherial": "Ramagundam",
    "godavarikhani": "Ramagundam",
    "gadwal": "Mahbubnagar",
    "nagarkurnool": "Mahbubnagar",
    "bhainsa": "Adilabad",
    "utnoor": "Adilabad",
    "kodad": "Suryapet",
    "huzurnagar": "Suryapet",
    "bhongir": "Pochampally",
    "bibinagar": "Pochampally",
    "khanapur": "Nirmal",
    "mudhole": "Nirmal"
}